timestamp	company	status
2026-09-28T06:56:47.687Z	PhonePe	slug_gone
2026-09-28T06:56:47.687Z	Razorpay	reachable
2026-09-28T06:56:47.687Z	Groww	reachable
2026-09-28T06:56:47.687Z	CRED	reachable
2026-09-28T06:56:47.687Z	Meesho	reachable
2026-09-28T07:02:06.271Z	PhonePe	slug_gone
2026-09-28T07:02:06.271Z	Razorpay	reachable
2026-09-28T07:02:06.271Z	Groww	reachable
2026-09-28T07:02:06.271Z	CRED	reachable
2026-09-28T07:02:06.271Z	Meesho	reachable
2026-09-28T08:29:00.037Z	PhonePe	slug_gone
2026-09-28T08:29:00.037Z	Razorpay	reachable
2026-09-28T08:29:00.037Z	Groww	reachable
2026-09-28T08:29:00.037Z	CRED	reachable
2026-09-28T08:29:00.037Z	Paytm	reachable
2026-09-28T08:29:00.037Z	Navi	reachable
2026-09-28T08:29:00.037Z	Slice	reachable
2026-09-28T08:29:00.037Z	FamPay	reachable
2026-09-28T08:29:00.037Z	Meesho	reachable
2026-09-28T08:29:00.037Z	Porter	reachable
2026-09-28T08:29:00.037Z	Bounce	reachable
2026-09-28T08:29:00.037Z	Stripe	reachable
2026-09-28T09:38:54.086Z	PhonePe	auth
2026-09-28T09:38:54.086Z	Razorpay	auth
2026-09-28T09:38:54.086Z	Groww	auth
2026-09-28T09:38:54.086Z	CRED	auth
2026-09-28T09:38:54.086Z	Paytm	auth
2026-09-28T09:38:54.086Z	Navi	auth
2026-09-28T09:38:54.086Z	Slice	auth
2026-09-28T09:38:54.086Z	FamPay	auth
2026-09-28T09:38:54.086Z	Meesho	auth
2026-09-28T09:38:54.086Z	Porter	auth
2026-09-28T09:38:54.086Z	Bounce	auth
2026-09-28T09:38:54.086Z	Stripe	auth
