url	first_seen	portal	title	company	status	location
https://jobs.lever.co/meesho/46754b37-ceb3-4a85-b59d-76b27a453f83	2026-09-28	lever-api	Manager- Legal	Meesho	added	Bangalore, Karnataka
https://job-boards.eu.greenhouse.io/groww/jobs/4970739101	2026-09-28	greenhouse-api	Assistant Manager - Internal Audit	Groww	added	Bengaluru-VTP, India	091ae524da15b49b	2026-09-14			groww
https://job-boards.eu.greenhouse.io/groww/jobs/4880153101	2026-09-28	greenhouse-api	Associate - Content (Digest)	Groww	added	Bengaluru-VTP, India	4c5bdc21d0b51281	2026-06-03			groww
https://job-boards.eu.greenhouse.io/groww/jobs/4714065101	2026-09-28	greenhouse-api	Portfolio Specialist - Wealth	Groww	added	Mumbai, India	413ae424e0b185e5	2026-03-17			groww
https://job-boards.eu.greenhouse.io/groww/jobs/4714061101	2026-09-28	greenhouse-api	Product Research Specialist (W from Groww)	Groww	added	Mumbai, India	5719e724c01b90ca	2026-02-16			groww
https://job-boards.eu.greenhouse.io/groww/jobs/4528370101	2026-09-28	greenhouse-api	Relationship Manager	Groww	added	India	4336004fe104109a	2026-09-09			groww
https://job-boards.eu.greenhouse.io/groww/jobs/4956817101	2026-09-28	greenhouse-api	Video Editor Intern	Groww	added	Bengaluru-VTP, India	517cfe24c0e49041	2026-09-04			groww
https://job-boards.eu.greenhouse.io/groww/jobs/4967486101	2026-09-28	greenhouse-api	YouTube & Content - Internship	Groww	added	Bengaluru-VTP, India	453bf42174b51493	2026-09-04			groww
https://job-boards.greenhouse.io/razorpaysoftwareprivatelimited/jobs/4731043005	2026-09-28	greenhouse-api	Analyst, Business Operations	Razorpay	added	Bengaluru	8f3ec0ba5f28071a	2026-09-04			razorpay
https://job-boards.greenhouse.io/razorpaysoftwareprivatelimited/jobs/4729937005	2026-09-28	greenhouse-api	Associate, Learning Business Partner	Razorpay	added	Bengaluru	adaea4db3f384318	2026-09-04			razorpay
https://job-boards.greenhouse.io/razorpaysoftwareprivatelimited/jobs/4736141005	2026-09-28	greenhouse-api	Associate Manager, Mid Market Sales	Razorpay	added	Bengaluru	a1aec6409fa9079e	2026-09-21			razorpay
https://job-boards.greenhouse.io/razorpaysoftwareprivatelimited/jobs/4723737005	2026-09-28	greenhouse-api	Associate Manager, Startup Accounts	Razorpay	added	Bengaluru	e73ea8cb7fad479b	2026-08-13			razorpay
https://job-boards.greenhouse.io/razorpaysoftwareprivatelimited/jobs/4736136005	2026-09-28	greenhouse-api	Associate, Mid Market Sales	Razorpay	added	Bengaluru	af3ec09a9fa5139d	2026-09-21			razorpay
https://job-boards.greenhouse.io/razorpaysoftwareprivatelimited/jobs/4697514005	2026-09-28	greenhouse-api	Engineering Manager	Razorpay	added	Bengaluru	ef2e64dbdfa94f99	2026-05-27			razorpay
https://job-boards.greenhouse.io/razorpaysoftwareprivatelimited/jobs/4731606005	2026-09-28	greenhouse-api	Executive, Finance	Razorpay	added	Bengaluru	b7bec04acf280799	2026-09-08			razorpay
https://job-boards.greenhouse.io/razorpaysoftwareprivatelimited/jobs/4719411005	2026-09-28	greenhouse-api	Manager, AEO	Razorpay	added	Bengaluru	ed2ec2cb5fad079a	2026-09-01			razorpay
https://job-boards.greenhouse.io/razorpaysoftwareprivatelimited/jobs/4715361005	2026-09-28	greenhouse-api	Manager, Affordability	Razorpay	added	Bengaluru	e72ee68a8fa8079a	2026-07-17			razorpay
https://job-boards.greenhouse.io/razorpaysoftwareprivatelimited/jobs/4727238005	2026-09-28	greenhouse-api	Manager, Banking Alliances	Razorpay	added	Bengaluru	afaea0ce0ea802d8	2026-08-26			razorpay
https://job-boards.greenhouse.io/razorpaysoftwareprivatelimited/jobs/4729533005	2026-09-28	greenhouse-api	Product Manager II - Ads	Razorpay	added	Bengaluru	b7aee2a81ea94398	2026-09-01			razorpay
https://job-boards.greenhouse.io/razorpaysoftwareprivatelimited/jobs/4699107005	2026-09-28	greenhouse-api	Product Manager II - AI	Razorpay	added	Bengaluru	a536c0aa9fa947de	2026-06-30			razorpay
https://job-boards.greenhouse.io/razorpaysoftwareprivatelimited/jobs/4731060005	2026-09-28	greenhouse-api	Senior Executive, Finance	Razorpay	added	Bengaluru	e32e60cb9f20479f	2026-09-09			razorpay
https://job-boards.greenhouse.io/razorpaysoftwareprivatelimited/jobs/4737535005	2026-09-28	greenhouse-api	Senior Manager, Social Media Marketing	Razorpay	added	Bengaluru	832ee08f59a8479c	2026-09-24			razorpay
https://job-boards.greenhouse.io/razorpaysoftwareprivatelimited/jobs/4729051005	2026-09-28	greenhouse-api	Senior Solutions Consultant	Razorpay	added	Bengaluru	afeee4ae0f8947db	2026-08-31			razorpay
https://job-boards.greenhouse.io/razorpaysoftwareprivatelimited/jobs/4723040005	2026-09-28	greenhouse-api	Site Reliability Engineer	Razorpay	added	Bengaluru	bfaec01f1fa8069f	2026-09-24			razorpay
https://job-boards.greenhouse.io/razorpaysoftwareprivatelimited/jobs/4736154005	2026-09-28	greenhouse-api	Technical Account Manager	Razorpay	added	Bengaluru	bf2ec8de0e88039c	2026-09-26			razorpay
https://jobs.lever.co/cred/09022710-e79a-4cf0-8060-df0e1cd64263	2026-09-28	lever-api	business development & partnerships	CRED	added	bengaluru	dbc31692b7210c1a	2026-05-25			cred
https://jobs.lever.co/cred/b532b595-bc8d-4b51-a2e6-7228ef1cabfc	2026-09-28	lever-api	business development & partnerships – commercial lead	CRED	added	bengaluru	936195be79e8d8ab	2026-07-24			cred
https://jobs.lever.co/cred/a65bef0e-0f4c-40af-b662-9313f255189e	2026-09-28	lever-api	business development & strategic partnerships - d2c	CRED	added	bengaluru	162ee9a3639a2270	2026-08-21			cred
https://jobs.lever.co/cred/f846af12-7da9-4737-a0b1-3770c55830fc	2026-09-28	lever-api	copywriter	CRED	added	bengaluru	89c23706a365181c	2025-11-17			cred
https://jobs.lever.co/cred/b3fdba2a-802c-4e03-b445-5284c5e3c157	2026-09-28	lever-api	credit card bill payments growth	CRED	added	bengaluru		2026-09-24			cred
https://jobs.lever.co/cred/aa501081-1787-4617-bfa9-9f4ecaf68f30	2026-09-28	lever-api	lead – on deck payments	CRED	added	bengaluru	4b07d493013030f6	2026-08-24			cred
https://jobs.lever.co/cred/84aa0489-b7e1-4670-bfa9-7a9654197cc3	2026-09-28	lever-api	long form content writer/editor	CRED	added	bengaluru		2026-08-18			cred
https://jobs.lever.co/meesho/7d9af9b5-c1c7-48ec-bbb5-9b25e49f6596	2026-09-28	lever-api	AM/ Manager - Risk & Decision Science	Meesho	added	Bangalore, Karnataka	43718938540c2a86	2025-09-15			meesho
https://jobs.lever.co/meesho/22c4a7a0-43be-439e-9473-2f8074b3e8d5	2026-09-28	lever-api	Assistant Manager - Business Finance	Meesho	added	Bangalore, Karnataka	3a59b6d03c65d909	2026-05-21			meesho
https://jobs.lever.co/meesho/1f2462b8-3548-466e-908f-dcae91cfaee1	2026-09-28	lever-api	Assistant Manager - Performance Marketing	Meesho	added	Bangalore, Karnataka		2026-04-17			meesho
https://jobs.lever.co/meesho/3032374b-0010-4d19-8dd1-26c37c396cba	2026-09-28	lever-api	Assistant Manager Finance – Logistics Intelligence	Meesho	added	Bangalore, Karnataka	b19bb0545596d140	2026-08-04			meesho
https://jobs.lever.co/meesho/80ab7795-de6b-4dfe-9a66-a8ad5e7b8a83	2026-09-28	lever-api	Associate Compliance Manager	Meesho	added	Bangalore, Karnataka	1bf6db151d81977c	2026-05-25			meesho
https://jobs.lever.co/meesho/b7f20190-5e8c-4cbc-901a-44a05bfec9be	2026-09-28	lever-api	Associate Director - Business Finance	Meesho	added	Bangalore, Karnataka	1c73b05764c79311	2025-02-27			meesho
https://jobs.lever.co/meesho/1c610094-fbc4-42b0-b7f2-4b05c5569e9a	2026-09-28	lever-api	Associate Director - Commerce Platform	Meesho	added	Bangalore, Karnataka	e4a020d515fc3162	2026-08-25			meesho
https://jobs.lever.co/meesho/974e9975-c536-4219-bdaa-9cd0f2d4d030	2026-09-28	lever-api	Creative Manager	Meesho	added	Bangalore, Karnataka	30c3ea4799914f13	2026-07-16			meesho
https://jobs.lever.co/meesho/489fe662-5d28-4305-953e-91ee21e8538c	2026-09-28	lever-api	Data Scientist III	Meesho	added	Bangalore, Karnataka	6dc0b710b8b69fa2	2023-11-10			meesho
https://jobs.lever.co/meesho/3a60c7e0-bf65-4695-bddc-9f21e68d235d	2026-09-28	lever-api	Deputy Manager - Business Finance	Meesho	added	Bangalore, Karnataka	07313072e6f71315	2026-05-21			meesho
https://jobs.lever.co/meesho/538d386d-a584-41ed-91dc-607f83ca1c91	2026-09-28	lever-api	Deputy Manager - Logistics Intelligence	Meesho	added	Bangalore, Karnataka	b379b45645d69b01	2026-09-25			meesho
https://jobs.lever.co/meesho/07d86780-64fb-4ecf-b1d1-9b4602b436de	2026-09-28	lever-api	Deputy Manager - Revenue Intelligence and Governance	Meesho	added	Bangalore, Karnataka	982310107456b80b	2026-09-25			meesho
https://jobs.lever.co/meesho/22bd899a-f442-419f-9d3f-5046b715c40d	2026-09-28	lever-api	Deputy Manager- Procurement	Meesho	added	Bangalore, Karnataka	91f0f03470d7ccca	2026-09-23			meesho
https://jobs.lever.co/meesho/cb7d016b-5071-409e-b8d8-a10e19b2946e	2026-09-28	lever-api	Director - Design	Meesho	added	Bangalore, Karnataka	910df408d817a6d6	2025-05-30			meesho
https://jobs.lever.co/meesho/65435df1-9a07-416e-9b97-381045f9f970	2026-09-28	lever-api	Director - Product	Meesho	added	Bangalore, Karnataka	5be54539f6a1a698	2025-09-19			meesho
https://jobs.lever.co/meesho/64821526-2485-4a76-9198-610ee3938bb1	2026-09-28	lever-api	Director Data Science	Meesho	added	Bangalore, Karnataka	4ff6a70dea4709af	2026-08-04			meesho
https://jobs.lever.co/meesho/4974b35d-01a9-45b0-b181-f87d43d6d609	2026-09-28	lever-api	Director- Business Finance	Meesho	added	Bangalore, Karnataka	1573b57e6c879311	2026-07-03			meesho
https://jobs.lever.co/meesho/cb16706c-296f-4567-a41f-86206a54ee29	2026-09-28	lever-api	Engineering Manager -Backend	Meesho	added	Bangalore, Karnataka	4f2481b474342a12	2024-04-29			meesho
https://jobs.lever.co/meesho/a1cc7ad9-a233-4ba6-b53b-e56116f6ac27	2026-09-28	lever-api	Engineering Manager – AI Engineering	Meesho	added	Bangalore, Karnataka	4bed1f1c9335ece6	2026-07-31			meesho
https://jobs.lever.co/meesho/c428c9f1-d06c-47a3-aa61-7bd445401816	2026-09-28	lever-api	Engineering Manager- Platform	Meesho	added	Bangalore, Karnataka	c5f6e51a73eb8241	2026-02-12			meesho
https://jobs.lever.co/meesho/d7924eb1-301e-4098-ab7b-f3a4c92c210a	2026-09-28	lever-api	Group Product Manager	Meesho	added	Bangalore, Karnataka	5bcc453bf6a1ae9a	2026-06-29			meesho
https://jobs.lever.co/meesho/f110ad65-8402-4e8d-83e9-0e6e59b4389c	2026-09-28	lever-api	Lead Product Designer	Meesho	added	Bangalore, Karnataka	626fa46032114eba	2025-07-25			meesho
https://jobs.lever.co/meesho/9ea9d243-e5fd-4306-8289-6e62a0e2b922	2026-09-28	lever-api	Manager - Business Finance	Meesho	added	Bangalore, Karnataka	98b3ba1074d4ba0a	2026-09-08			meesho
https://jobs.lever.co/meesho/d4c4d777-d41b-4940-9407-e2100fb5dcd1	2026-09-28	lever-api	Manager - DAU Growth	Meesho	added	Bangalore, Karnataka	ebcf1cef2fe01b87	2026-06-15			meesho
https://jobs.lever.co/meesho/e1771bdd-0601-4af4-8f20-53553b4d3f10	2026-09-28	lever-api	Manager - Performance Marketing	Meesho	added	Bangalore, Karnataka		2026-09-11			meesho
https://jobs.lever.co/meesho/1969c4c1-fbcc-455a-850b-092d1d83eb2b	2026-09-28	lever-api	Manager - Risk Analytics - User Lending	Meesho	added	Bangalore, Karnataka	0261eb99bd1c4d8f	2026-09-25			meesho
https://jobs.lever.co/meesho/e640ec64-9e6b-482a-b21e-82261334bcd0	2026-09-28	lever-api	Manager - User Experience : F&E	Meesho	added	Bangalore, Karnataka	c1939b517e3e4057	2026-08-18			meesho
https://jobs.lever.co/meesho/9401d014-8199-4861-8f65-42fda8160e0c	2026-09-28	lever-api	Manager – GTM & Sales Strategy, Meesho AI Services (MAS)	Meesho	added	Mumbai, Maharashtra; Delhi NCR; Bangalore, Karnataka	8c94021cd108a92c	2026-09-12			meesho
https://jobs.lever.co/meesho/341136b5-5ea1-4782-8e49-41ff0f564b1b	2026-09-28	lever-api	Manager – HRBP & ER	Meesho	added	Bangalore, Karnataka	b423fe5c18ee9896	2026-01-29			meesho
https://jobs.lever.co/meesho/965b6d3f-c708-4e98-89b1-bea75d342957	2026-09-28	lever-api	Manager HR - COE	Meesho	added	Bangalore, Karnataka	10279be8de42048d	2026-08-31			meesho
https://jobs.lever.co/meesho/3d5bf582-493f-4298-b7de-e42a7d58a358	2026-09-28	lever-api	Principal Data Scientist	Meesho	added	Bangalore, Karnataka	69dd9615b137d9b6	2024-08-26			meesho
https://jobs.lever.co/meesho/2f1dba8f-bc99-4490-8200-d2cd7f92f544	2026-09-28	lever-api	Product Manager (Internal Platform)	Meesho	added	Bangalore, Karnataka	36ad8a268c05f3ce	2026-08-07			meesho
https://jobs.lever.co/meesho/4891a891-f431-4e98-99ae-0e31a21f0190	2026-09-28	lever-api	Product Manager I	Meesho	added	Bangalore, Karnataka	73cd4c1ff6b992d0	2026-09-16			meesho
https://jobs.lever.co/meesho/113ff930-b5bf-42c7-a07d-aa66a9de89d9	2026-09-28	lever-api	Project Manager- Warehouse Automation	Meesho	added	Bangalore, Karnataka	ecabb4383232202c	2026-09-21			meesho
https://jobs.lever.co/meesho/f2de8c5f-1636-428d-aaea-af1400142975	2026-09-28	lever-api	Security Architect - AI-Powered Security Engineering	Meesho	added	Bangalore, Karnataka	c2d5f3fe7d9cb970	2026-06-18			meesho
https://jobs.lever.co/meesho/19d34992-cc3d-4066-9de4-69c17f952ba1	2026-09-28	lever-api	Senior Associate - Performance Marketing	Meesho	added	Bangalore, Karnataka	c3859d3d5f883cd0	2026-05-11			meesho
https://jobs.lever.co/meesho/35a98774-fbca-4826-93a0-cc2b19bf2354	2026-09-28	lever-api	Senior Associate / Assistant Manager - Program Ops (Fulfilment & Experience)	Meesho	added	Bangalore, Karnataka	e07f147b1cbece6a	2025-11-04			meesho
https://jobs.lever.co/meesho/dea44a88-b138-4ef0-87b0-ed8440b0a331	2026-09-28	lever-api	Senior Business Development Manager (SBDM)	Meesho	added	Bangalore, Karnataka	a4c3fa3541a81266	2026-05-12			meesho
https://jobs.lever.co/meesho/3a980a2a-6ae4-4738-b06d-9c6483526992	2026-09-28	lever-api	Senior Manager - Commerce Platform	Meesho	added	Bangalore, Karnataka	ece5300b96ecb860	2025-09-08			meesho
https://jobs.lever.co/meesho/2b1ae28e-627b-40fd-8ed8-219c864178fa	2026-09-28	lever-api	Senior Manager - FnE	Meesho	added	Bangalore, Karnataka	a9f2d87d0da8a36c	2025-10-27			meesho
https://jobs.lever.co/meesho/1a6888e6-0c37-4611-bcbb-8c2609310c19	2026-09-28	lever-api	Senior Manager - Production	Meesho	added	Bangalore, Karnataka	aefdd240d9b64b21	2026-02-11			meesho
https://jobs.lever.co/meesho/e03deae3-a5f2-428d-b2f3-3c275f8c433b	2026-09-28	lever-api	Senior Manager - User Experience : F&E	Meesho	added	Bangalore, Karnataka	c1939b517e3e4057	2026-08-17			meesho
https://jobs.lever.co/meesho/534e9923-b091-4250-a178-b28c7c5c99be	2026-09-28	lever-api	Senior Manager, CEO's Office	Meesho	added	Bangalore, Karnataka	d787e338e8f022fb	2026-09-23			meesho
https://jobs.lever.co/meesho/1690adaa-ec47-4246-a40e-995b859545f2	2026-09-28	lever-api	Senior Talent Partner ( Non-Tech Hiring)	Meesho	added	Bangalore, Karnataka	34a3da40beae8d9d	2025-08-21			meesho
https://jobs.lever.co/meesho/7bb1de7e-8756-412b-8c71-0ba40863edc8	2026-09-28	lever-api	Software Development Engineer III Data	Meesho	added	Bangalore, Karnataka	d1d3478cabb6a553	2025-08-04			meesho
https://jobs.lever.co/meesho/60e0d986-abe8-42ee-b172-0d9aecb307b7	2026-09-28	lever-api	Software Development Engineer III DevOps	Meesho	added	Bangalore, Karnataka	d5b0f09423fee301	2026-06-08			meesho
https://jobs.lever.co/meesho/1de2fc88-e203-4f1a-8046-55df700de4be	2026-09-28	lever-api	Trainee - Recruitment Coordinator	Meesho	added	Bangalore, Karnataka	30abda700a2e8cb6	2025-07-30			meesho
https://stripe.com/jobs/search?gh_jid=6209187	2026-09-28	greenhouse-api	Legal Entity Controller	Stripe	added	Bangalore	6a6423c8c25a9010	2024-10-15			stripe
https://stripe.com/jobs/search?gh_jid=8230294	2026-09-28	greenhouse-api	Legal Operations Team Lead	Stripe	added	Bengaluru	ec79cf192e46427d	2026-09-25			stripe
https://stripe.com/jobs/search?gh_jid=7703750	2026-09-28	greenhouse-api	Manager - Legal Entity Controller	Stripe	added	Bengaluru	601bcaf9a98ad05d	2026-03-25			stripe
