timestamp	status	companies	boards	found	filtered_title	filtered_tier	filtered_location	filtered_posting_age	filtered_salary	filtered_content	filtered_cooldown	dupes	new_added	errors	filtered_blacklist	filtered_visa	filtered_posted_date	filtered_country_eligibility
2026-09-28T06:56:47.697Z	completed	5	0	94	93	0	0	0	0	0	0	1	0	1	0	0	0	0
2026-09-28T07:02:06.274Z	completed	5	0	94	0	0	14	0	0	0	0	2	78	1	0	0	0	0
2026-09-28T08:29:00.042Z	completed	12	0	1044	1034	0	5	0	0	0	0	2	3	1	0	0	0	0
2026-09-28T09:55:15.019Z	completed	12	0	0	0	0	0	0	0	0	0	0	0	12	0	0	0	0
2026-09-28T09:55:53.383Z	completed	12	0	0	0	0	0	0	0	0	0	0	0	12	0	0	0	0
2026-09-28T10:08:24.219Z	completed	12	0	1046	1036	0	5	0	0	0	0	5	0	1	0	0	0	0
2026-09-28T12:40:47.889Z	completed	12	0	1047	1037	0	5	0	0	0	0	5	0	1	0	0	0	0
2026-09-28T18:39:32.457Z	completed	12	0	1049	1039	0	5	0	0	0	0	5	0	1	0	0	0	0
2026-09-29T00:39:21.022Z	completed	12	0	1047	1037	0	5	0	0	0	0	5	0	1	0	0	0	0
2026-09-29T06:39:27.188Z	completed	12	0	1048	1038	0	5	0	0	0	0	5	0	1	0	0	0	0
2026-09-29T12:40:31.043Z	completed	12	0	1054	1044	0	5	0	0	0	0	5	0	1	0	0	0	0
2026-09-29T18:39:46.871Z	completed	12	0	1059	1049	0	5	0	0	0	0	5	0	1	0	0	0	0
